ADDPD_xmm_xmm;Lp_x_x_deb.tmp;16;ADDPD;xmm;xmm;;
ADDPS_xmm_xmm;Lp_x_x_deb.tmp;16;ADDPS;xmm;xmm;;
ADDSD_xmm_xmm;Lp_x_x_deb.tmp;16;ADDSD;xmm;xmm;;
ADDSS_xmm_xmm;Lp_x_x_deb.tmp;16;ADDSS;xmm;xmm;;
ADDSUBPD_xmm_xmm;Lp_x_x_deb.tmp;16;ADDSUBPD;xmm;xmm;;
ADDSUBPS_xmm_xmm;Lp_x_x_deb.tmp;16;ADDSUBPS;xmm;xmm;;
AESDEC_xmm_xmm;Lp_x_x_deb.tmp;16;AESDEC;xmm;xmm;;
AESDECLAST_xmm_xmm;Lp_x_x_deb.tmp;16;AESDECLAST;xmm;xmm;;
AESENC_xmm_xmm;Lp_x_x_deb.tmp;16;AESENC;xmm;xmm;;
AESENCLAST_xmm_xmm;Lp_x_x_deb.tmp;16;AESENCLAST;xmm;xmm;;
AESIMC_xmm_xmm;Lp_x_x_deb.tmp;16;AESIMC;xmm;xmm;;
ANDNPD_xmm_xmm;Lp_x_x_deb.tmp;16;ANDNPD;xmm;xmm;;
ANDNPS_xmm_xmm;Lp_x_x_deb.tmp;16;ANDNPS;xmm;xmm;;
ANDPD_xmm_xmm;Lp_x_x_deb.tmp;16;ANDPD;xmm;xmm;;
ANDPS_xmm_xmm;Lp_x_x_deb.tmp;16;ANDPS;xmm;xmm;;
BLENDVPD_xmm_xmm;Lp_x_x_deb.tmp;16;BLENDVPD;xmm;xmm;;
BLENDVPS_xmm_xmm;Lp_x_x_deb.tmp;16;BLENDVPS;xmm;xmm;;
COMISD_xmm_xmm;Lp_x_x_deb.tmp;16;COMISD;xmm;xmm;;
COMISS_xmm_xmm;Lp_x_x_deb.tmp;16;COMISS;xmm;xmm;;
CVTDQ2PD_xmm_xmm;Lp_x_x_deb.tmp;16;CVTDQ2PD;xmm;xmm;;
CVTDQ2PS_xmm_xmm;Lp_x_x_deb.tmp;16;CVTDQ2PS;xmm;xmm;;
CVTPD2DQ_xmm_xmm;Lp_x_x_deb.tmp;16;CVTPD2DQ;xmm;xmm;;
CVTPD2PS_xmm_xmm;Lp_x_x_deb.tmp;16;CVTPD2PS;xmm;xmm;;
CVTPS2DQ_xmm_xmm;Lp_x_x_deb.tmp;16;CVTPS2DQ;xmm;xmm;;
CVTPS2PD_xmm_xmm;Lp_x_x_deb.tmp;16;CVTPS2PD;xmm;xmm;;
CVTSD2SS_xmm_xmm;Lp_x_x_deb.tmp;16;CVTSD2SS;xmm;xmm;;
CVTSS2SD_xmm_xmm;Lp_x_x_deb.tmp;16;CVTSS2SD;xmm;xmm;;
CVTTPD2DQ_xmm_xmm;Lp_x_x_deb.tmp;16;CVTTPD2DQ;xmm;xmm;;
CVTTPS2DQ_xmm_xmm;Lp_x_x_deb.tmp;16;CVTTPS2DQ;xmm;xmm;;
DIVPD_xmm_xmm;Lp_x_x_deb.tmp;16;DIVPD;xmm;xmm;;
DIVPS_xmm_xmm;Lp_x_x_deb.tmp;16;DIVPS;xmm;xmm;;
DIVSD_xmm_xmm;Lp_x_x_deb.tmp;16;DIVSD;xmm;xmm;;
DIVSS_xmm_xmm;Lp_x_x_deb.tmp;16;DIVSS;xmm;xmm;;
HADDPD_xmm_xmm;Lp_x_x_deb.tmp;16;HADDPD;xmm;xmm;;
HADDPS_xmm_xmm;Lp_x_x_deb.tmp;16;HADDPS;xmm;xmm;;
HSUBPD_xmm_xmm;Lp_x_x_deb.tmp;16;HSUBPD;xmm;xmm;;
HSUBPS_xmm_xmm;Lp_x_x_deb.tmp;16;HSUBPS;xmm;xmm;;
MASKMOVDQU_xmm_xmm;Lp_x_x_deb.tmp;16;MASKMOVDQU;xmm;xmm;;
MAXPD_xmm_xmm;Lp_x_x_deb.tmp;16;MAXPD;xmm;xmm;;
MAXPS_xmm_xmm;Lp_x_x_deb.tmp;16;MAXPS;xmm;xmm;;
MAXSD_xmm_xmm;Lp_x_x_deb.tmp;16;MAXSD;xmm;xmm;;
MAXSS_xmm_xmm;Lp_x_x_deb.tmp;16;MAXSS;xmm;xmm;;
MINPD_xmm_xmm;Lp_x_x_deb.tmp;16;MINPD;xmm;xmm;;
MINPS_xmm_xmm;Lp_x_x_deb.tmp;16;MINPS;xmm;xmm;;
MINSD_xmm_xmm;Lp_x_x_deb.tmp;16;MINSD;xmm;xmm;;
MINSS_xmm_xmm;Lp_x_x_deb.tmp;16;MINSS;xmm;xmm;;
MOVAPD_xmm_xmm;Lp_x_x_deb.tmp;16;MOVAPD;xmm;xmm;;
MOVAPD_xmm_xmm;Lp_x_x_deb.tmp;16;MOVAPD;xmm;xmm;;
MOVAPS_xmm_xmm;Lp_x_x_deb.tmp;16;MOVAPS;xmm;xmm;;
MOVDDUP_xmm_xmm;Lp_x_x_deb.tmp;16;MOVDDUP;xmm;xmm;;
MOVDQA_xmm_xmm;Lp_x_x_deb.tmp;16;MOVDQA;xmm;xmm;;
MOVDQA_xmm_xmm;Lp_x_x_deb.tmp;16;MOVDQA;xmm;xmm;;
MOVDQU_xmm_xmm;Lp_x_x_deb.tmp;16;MOVDQU;xmm;xmm;;
MOVDQU_xmm_xmm;Lp_x_x_deb.tmp;16;MOVDQU;xmm;xmm;;
MOVHLPS_xmm_xmm;Lp_x_x_deb.tmp;16;MOVHLPS;xmm;xmm;;
MOVLHPS_xmm_xmm;Lp_x_x_deb.tmp;16;MOVLHPS;xmm;xmm;;
MOVQ_xmm_xmm;Lp_x_x_deb.tmp;16;MOVQ;xmm;xmm;;
MOVSD_xmm_xmm;Lp_x_x_deb.tmp;16;MOVSD;xmm;xmm;;
MOVSD_xmm_xmm;Lp_x_x_deb.tmp;16;MOVSD;xmm;xmm;;
MOVSHDUP_xmm_xmm;Lp_x_x_deb.tmp;16;MOVSHDUP;xmm;xmm;;
MOVSLDUP_xmm_xmm;Lp_x_x_deb.tmp;16;MOVSLDUP;xmm;xmm;;
MOVSS_xmm_xmm;Lp_x_x_deb.tmp;16;MOVSS;xmm;xmm;;
MOVUPD_xmm_xmm;Lp_x_x_deb.tmp;16;MOVUPD;xmm;xmm;;
MOVUPD_xmm_xmm;Lp_x_x_deb.tmp;16;MOVUPD;xmm;xmm;;
MOVUPS_xmm_xmm;Lp_x_x_deb.tmp;16;MOVUPS;xmm;xmm;;
MULPD_xmm_xmm;Lp_x_x_deb.tmp;16;MULPD;xmm;xmm;;
MULPS_xmm_xmm;Lp_x_x_deb.tmp;16;MULPS;xmm;xmm;;
MULSD_xmm_xmm;Lp_x_x_deb.tmp;16;MULSD;xmm;xmm;;
MULSS_xmm_xmm;Lp_x_x_deb.tmp;16;MULSS;xmm;xmm;;
ORPD_xmm_xmm;Lp_x_x_deb.tmp;16;ORPD;xmm;xmm;;
ORPS_xmm_xmm;Lp_x_x_deb.tmp;16;ORPS;xmm;xmm;;
PABSB_xmm_xmm;Lp_x_x_deb.tmp;16;PABSB;xmm;xmm;;
PABSD_xmm_xmm;Lp_x_x_deb.tmp;16;PABSD;xmm;xmm;;
PABSW_xmm_xmm;Lp_x_x_deb.tmp;16;PABSW;xmm;xmm;;
PACKSSDW_xmm_xmm;Lp_x_x_deb.tmp;16;PACKSSDW;xmm;xmm;;
PACKSSWB_xmm_xmm;Lp_x_x_deb.tmp;16;PACKSSWB;xmm;xmm;;
PACKUSDW_xmm_xmm;Lp_x_x_deb.tmp;16;PACKUSDW;xmm;xmm;;
PACKUSWB_xmm_xmm;Lp_x_x_deb.tmp;16;PACKUSWB;xmm;xmm;;
PADDB_xmm_xmm;Lp_x_x_deb.tmp;16;PADDB;xmm;xmm;;
PADDD_xmm_xmm;Lp_x_x_deb.tmp;16;PADDD;xmm;xmm;;
PADDQ_xmm_xmm;Lp_x_x_deb.tmp;16;PADDQ;xmm;xmm;;
PADDSB_xmm_xmm;Lp_x_x_deb.tmp;16;PADDSB;xmm;xmm;;
PADDSW_xmm_xmm;Lp_x_x_deb.tmp;16;PADDSW;xmm;xmm;;
PADDUSB_xmm_xmm;Lp_x_x_deb.tmp;16;PADDUSB;xmm;xmm;;
PADDUSW_xmm_xmm;Lp_x_x_deb.tmp;16;PADDUSW;xmm;xmm;;
PADDW_xmm_xmm;Lp_x_x_deb.tmp;16;PADDW;xmm;xmm;;
PAND_xmm_xmm;Lp_x_x_deb.tmp;16;PAND;xmm;xmm;;
PANDN_xmm_xmm;Lp_x_x_deb.tmp;16;PANDN;xmm;xmm;;
PAVGB_xmm_xmm;Lp_x_x_deb.tmp;16;PAVGB;xmm;xmm;;
PAVGW_xmm_xmm;Lp_x_x_deb.tmp;16;PAVGW;xmm;xmm;;
PCMPEQB_xmm_xmm;Lp_x_x_deb.tmp;16;PCMPEQB;xmm;xmm;;
PCMPEQD_xmm_xmm;Lp_x_x_deb.tmp;16;PCMPEQD;xmm;xmm;;
PCMPEQQ_xmm_xmm;Lp_x_x_deb.tmp;16;PCMPEQQ;xmm;xmm;;
PCMPEQW_xmm_xmm;Lp_x_x_deb.tmp;16;PCMPEQW;xmm;xmm;;
PCMPGTB_xmm_xmm;Lp_x_x_deb.tmp;16;PCMPGTB;xmm;xmm;;
PCMPGTD_xmm_xmm;Lp_x_x_deb.tmp;16;PCMPGTD;xmm;xmm;;
PCMPGTQ_xmm_xmm;Lp_x_x_deb.tmp;16;PCMPGTQ;xmm;xmm;;
PCMPGTW_xmm_xmm;Lp_x_x_deb.tmp;16;PCMPGTW;xmm;xmm;;
PHADDD_xmm_xmm;Lp_x_x_deb.tmp;16;PHADDD;xmm;xmm;;
PHADDSW_xmm_xmm;Lp_x_x_deb.tmp;16;PHADDSW;xmm;xmm;;
PHADDW_xmm_xmm;Lp_x_x_deb.tmp;16;PHADDW;xmm;xmm;;
PHMINPOSUW_xmm_xmm;Lp_x_x_deb.tmp;16;PHMINPOSUW;xmm;xmm;;
PHSUBD_xmm_xmm;Lp_x_x_deb.tmp;16;PHSUBD;xmm;xmm;;
PHSUBSW_xmm_xmm;Lp_x_x_deb.tmp;16;PHSUBSW;xmm;xmm;;
PHSUBW_xmm_xmm;Lp_x_x_deb.tmp;16;PHSUBW;xmm;xmm;;
PMADDUBSW_xmm_xmm;Lp_x_x_deb.tmp;16;PMADDUBSW;xmm;xmm;;
PMADDWD_xmm_xmm;Lp_x_x_deb.tmp;16;PMADDWD;xmm;xmm;;
PMAXSB_xmm_xmm;Lp_x_x_deb.tmp;16;PMAXSB;xmm;xmm;;
PMAXSD_xmm_xmm;Lp_x_x_deb.tmp;16;PMAXSD;xmm;xmm;;
PMAXSW_xmm_xmm;Lp_x_x_deb.tmp;16;PMAXSW;xmm;xmm;;
PMAXUB_xmm_xmm;Lp_x_x_deb.tmp;16;PMAXUB;xmm;xmm;;
PMAXUD_xmm_xmm;Lp_x_x_deb.tmp;16;PMAXUD;xmm;xmm;;
PMAXUW_xmm_xmm;Lp_x_x_deb.tmp;16;PMAXUW;xmm;xmm;;
PMINSB_xmm_xmm;Lp_x_x_deb.tmp;16;PMINSB;xmm;xmm;;
PMINSD_xmm_xmm;Lp_x_x_deb.tmp;16;PMINSD;xmm;xmm;;
PMINSW_xmm_xmm;Lp_x_x_deb.tmp;16;PMINSW;xmm;xmm;;
PMINUB_xmm_xmm;Lp_x_x_deb.tmp;16;PMINUB;xmm;xmm;;
PMINUD_xmm_xmm;Lp_x_x_deb.tmp;16;PMINUD;xmm;xmm;;
PMINUW_xmm_xmm;Lp_x_x_deb.tmp;16;PMINUW;xmm;xmm;;
PMOVSXBD_xmm_xmm;Lp_x_x_deb.tmp;16;PMOVSXBD;xmm;xmm;;
PMOVSXBQ_xmm_xmm;Lp_x_x_deb.tmp;16;PMOVSXBQ;xmm;xmm;;
PMOVSXBW_xmm_xmm;Lp_x_x_deb.tmp;16;PMOVSXBW;xmm;xmm;;
PMOVSXDQ_xmm_xmm;Lp_x_x_deb.tmp;16;PMOVSXDQ;xmm;xmm;;
PMOVSXWD_xmm_xmm;Lp_x_x_deb.tmp;16;PMOVSXWD;xmm;xmm;;
PMOVSXWQ_xmm_xmm;Lp_x_x_deb.tmp;16;PMOVSXWQ;xmm;xmm;;
PMOVZXBD_xmm_xmm;Lp_x_x_deb.tmp;16;PMOVZXBD;xmm;xmm;;
PMOVZXBQ_xmm_xmm;Lp_x_x_deb.tmp;16;PMOVZXBQ;xmm;xmm;;
PMOVZXBW_xmm_xmm;Lp_x_x_deb.tmp;16;PMOVZXBW;xmm;xmm;;
PMOVZXDQ_xmm_xmm;Lp_x_x_deb.tmp;16;PMOVZXDQ;xmm;xmm;;
PMOVZXWD_xmm_xmm;Lp_x_x_deb.tmp;16;PMOVZXWD;xmm;xmm;;
PMOVZXWQ_xmm_xmm;Lp_x_x_deb.tmp;16;PMOVZXWQ;xmm;xmm;;
PMULDQ_xmm_xmm;Lp_x_x_deb.tmp;16;PMULDQ;xmm;xmm;;
PMULHRSW_xmm_xmm;Lp_x_x_deb.tmp;16;PMULHRSW;xmm;xmm;;
PMULHUW_xmm_xmm;Lp_x_x_deb.tmp;16;PMULHUW;xmm;xmm;;
PMULHW_xmm_xmm;Lp_x_x_deb.tmp;16;PMULHW;xmm;xmm;;
PMULLD_xmm_xmm;Lp_x_x_deb.tmp;16;PMULLD;xmm;xmm;;
PMULLW_xmm_xmm;Lp_x_x_deb.tmp;16;PMULLW;xmm;xmm;;
PMULUDQ_xmm_xmm;Lp_x_x_deb.tmp;16;PMULUDQ;xmm;xmm;;
POR_xmm_xmm;Lp_x_x_deb.tmp;16;POR;xmm;xmm;;
PSADBW_xmm_xmm;Lp_x_x_deb.tmp;16;PSADBW;xmm;xmm;;
PSHUFB_xmm_xmm;Lp_x_x_deb.tmp;16;PSHUFB;xmm;xmm;;
PSIGNB_xmm_xmm;Lp_x_x_deb.tmp;16;PSIGNB;xmm;xmm;;
PSIGND_xmm_xmm;Lp_x_x_deb.tmp;16;PSIGND;xmm;xmm;;
PSIGNW_xmm_xmm;Lp_x_x_deb.tmp;16;PSIGNW;xmm;xmm;;
PSLLD_xmm_xmm;Lp_x_x_deb.tmp;16;PSLLD;xmm;xmm;;
PSLLQ_xmm_xmm;Lp_x_x_deb.tmp;16;PSLLQ;xmm;xmm;;
PSLLW_xmm_xmm;Lp_x_x_deb.tmp;16;PSLLW;xmm;xmm;;
PSRAD_xmm_xmm;Lp_x_x_deb.tmp;16;PSRAD;xmm;xmm;;
PSRAW_xmm_xmm;Lp_x_x_deb.tmp;16;PSRAW;xmm;xmm;;
PSRLD_xmm_xmm;Lp_x_x_deb.tmp;16;PSRLD;xmm;xmm;;
PSRLQ_xmm_xmm;Lp_x_x_deb.tmp;16;PSRLQ;xmm;xmm;;
PSRLW_xmm_xmm;Lp_x_x_deb.tmp;16;PSRLW;xmm;xmm;;
PSUBB_xmm_xmm;Lp_x_x_deb.tmp;16;PSUBB;xmm;xmm;;
PSUBD_xmm_xmm;Lp_x_x_deb.tmp;16;PSUBD;xmm;xmm;;
PSUBQ_xmm_xmm;Lp_x_x_deb.tmp;16;PSUBQ;xmm;xmm;;
PSUBSB_xmm_xmm;Lp_x_x_deb.tmp;16;PSUBSB;xmm;xmm;;
PSUBSW_xmm_xmm;Lp_x_x_deb.tmp;16;PSUBSW;xmm;xmm;;
PSUBUSB_xmm_xmm;Lp_x_x_deb.tmp;16;PSUBUSB;xmm;xmm;;
PSUBUSW_xmm_xmm;Lp_x_x_deb.tmp;16;PSUBUSW;xmm;xmm;;
PSUBW_xmm_xmm;Lp_x_x_deb.tmp;16;PSUBW;xmm;xmm;;
PTEST_xmm_xmm;Lp_x_x_deb.tmp;16;PTEST;xmm;xmm;;
PUNPCKHBW_xmm_xmm;Lp_x_x_deb.tmp;16;PUNPCKHBW;xmm;xmm;;
PUNPCKHDQ_xmm_xmm;Lp_x_x_deb.tmp;16;PUNPCKHDQ;xmm;xmm;;
PUNPCKHQDQ_xmm_xmm;Lp_x_x_deb.tmp;16;PUNPCKHQDQ;xmm;xmm;;
PUNPCKHWD_xmm_xmm;Lp_x_x_deb.tmp;16;PUNPCKHWD;xmm;xmm;;
PUNPCKLBW_xmm_xmm;Lp_x_x_deb.tmp;16;PUNPCKLBW;xmm;xmm;;
PUNPCKLDQ_xmm_xmm;Lp_x_x_deb.tmp;16;PUNPCKLDQ;xmm;xmm;;
PUNPCKLQDQ_xmm_xmm;Lp_x_x_deb.tmp;16;PUNPCKLQDQ;xmm;xmm;;
PUNPCKLWD_xmm_xmm;Lp_x_x_deb.tmp;16;PUNPCKLWD;xmm;xmm;;
PXOR_xmm_xmm;Lp_x_x_deb.tmp;16;PXOR;xmm;xmm;;
RCPPS_xmm_xmm;Lp_x_x_deb.tmp;16;RCPPS;xmm;xmm;;
RCPSS_xmm_xmm;Lp_x_x_deb.tmp;16;RCPSS;xmm;xmm;;
RSQRTPS_xmm_xmm;Lp_x_x_deb.tmp;16;RSQRTPS;xmm;xmm;;
RSQRTSS_xmm_xmm;Lp_x_x_deb.tmp;16;RSQRTSS;xmm;xmm;;
SQRTPD_xmm_xmm;Lp_x_x_deb.tmp;16;SQRTPD;xmm;xmm;;
SQRTPS_xmm_xmm;Lp_x_x_deb.tmp;16;SQRTPS;xmm;xmm;;
SQRTSD_xmm_xmm;Lp_x_x_deb.tmp;16;SQRTSD;xmm;xmm;;
SQRTSS_xmm_xmm;Lp_x_x_deb.tmp;16;SQRTSS;xmm;xmm;;
SUBPD_xmm_xmm;Lp_x_x_deb.tmp;16;SUBPD;xmm;xmm;;
SUBPS_xmm_xmm;Lp_x_x_deb.tmp;16;SUBPS;xmm;xmm;;
SUBSD_xmm_xmm;Lp_x_x_deb.tmp;16;SUBSD;xmm;xmm;;
SUBSS_xmm_xmm;Lp_x_x_deb.tmp;16;SUBSS;xmm;xmm;;
UCOMISD_xmm_xmm;Lp_x_x_deb.tmp;16;UCOMISD;xmm;xmm;;
UCOMISS_xmm_xmm;Lp_x_x_deb.tmp;16;UCOMISS;xmm;xmm;;
UNPCKHPD_xmm_xmm;Lp_x_x_deb.tmp;16;UNPCKHPD;xmm;xmm;;
UNPCKHPS_xmm_xmm;Lp_x_x_deb.tmp;16;UNPCKHPS;xmm;xmm;;
UNPCKLPD_xmm_xmm;Lp_x_x_deb.tmp;16;UNPCKLPD;xmm;xmm;;
UNPCKLPS_xmm_xmm;Lp_x_x_deb.tmp;16;UNPCKLPS;xmm;xmm;;
VAESIMC_xmm_xmm;Lp_x_x_deb.tmp;16;VAESIMC;xmm;xmm;;
VCOMISD_xmm_xmm;Lp_x_x_deb.tmp;16;VCOMISD;xmm;xmm;;
VCOMISS_xmm_xmm;Lp_x_x_deb.tmp;16;VCOMISS;xmm;xmm;;
VCVTDQ2PD_xmm_xmm;Lp_x_x_deb.tmp;16;VCVTDQ2PD;xmm;xmm;;
VCVTDQ2PS_xmm_xmm;Lp_x_x_deb.tmp;16;VCVTDQ2PS;xmm;xmm;;
VCVTPD2DQ_xmm_xmm;Lp_x_x_deb.tmp;16;VCVTPD2DQ;xmm;xmm;;
VCVTPD2PS_xmm_xmm;Lp_x_x_deb.tmp;16;VCVTPD2PS;xmm;xmm;;
VCVTPS2DQ_xmm_xmm;Lp_x_x_deb.tmp;16;VCVTPS2DQ;xmm;xmm;;
VCVTPS2PD_xmm_xmm;Lp_x_x_deb.tmp;16;VCVTPS2PD;xmm;xmm;;
VCVTTPD2DQ_xmm_xmm;Lp_x_x_deb.tmp;16;VCVTTPD2DQ;xmm;xmm;;
VCVTTPS2DQ_xmm_xmm;Lp_x_x_deb.tmp;16;VCVTTPS2DQ;xmm;xmm;;
VMASKMOVDQU_xmm_xmm;Lp_x_x_deb.tmp;16;VMASKMOVDQU;xmm;xmm;;
VMOVAPD_xmm_xmm;Lp_x_x_deb.tmp;16;VMOVAPD;xmm;xmm;;
VMOVAPS_xmm_xmm;Lp_x_x_deb.tmp;16;VMOVAPS;xmm;xmm;;
VMOVDDUP_xmm_xmm;Lp_x_x_deb.tmp;16;VMOVDDUP;xmm;xmm;;
VMOVDQA_xmm_xmm;Lp_x_x_deb.tmp;16;VMOVDQA;xmm;xmm;;
VMOVDQA_xmm_xmm;Lp_x_x_deb.tmp;16;VMOVDQA;xmm;xmm;;
VMOVDQU_xmm_xmm;Lp_x_x_deb.tmp;16;VMOVDQU;xmm;xmm;;
VMOVDQU_xmm_xmm;Lp_x_x_deb.tmp;16;VMOVDQU;xmm;xmm;;
VMOVSHDUP_xmm_xmm;Lp_x_x_deb.tmp;16;VMOVSHDUP;xmm;xmm;;
VMOVSLDUP_xmm_xmm;Lp_x_x_deb.tmp;16;VMOVSLDUP;xmm;xmm;;
VMOVUPD_xmm_xmm;Lp_x_x_deb.tmp;16;VMOVUPD;xmm;xmm;;
VMOVUPD_xmm_xmm;Lp_x_x_deb.tmp;16;VMOVUPD;xmm;xmm;;
VMOVUPS_xmm_xmm;Lp_x_x_deb.tmp;16;VMOVUPS;xmm;xmm;;
VMOVUPS_xmm_xmm;Lp_x_x_deb.tmp;16;VMOVUPS;xmm;xmm;;
VPABSB_xmm_xmm;Lp_x_x_deb.tmp;16;VPABSB;xmm;xmm;;
VPABSD_xmm_xmm;Lp_x_x_deb.tmp;16;VPABSD;xmm;xmm;;
VPABSW_xmm_xmm;Lp_x_x_deb.tmp;16;VPABSW;xmm;xmm;;
VPHMINPOSUW_xmm_xmm;Lp_x_x_deb.tmp;16;VPHMINPOSUW;xmm;xmm;;
VPMOVSXBD_xmm_xmm;Lp_x_x_deb.tmp;16;VPMOVSXBD;xmm;xmm;;
VPMOVSXBQ_xmm_xmm;Lp_x_x_deb.tmp;16;VPMOVSXBQ;xmm;xmm;;
VPMOVSXBW_xmm_xmm;Lp_x_x_deb.tmp;16;VPMOVSXBW;xmm;xmm;;
VPMOVSXDQ_xmm_xmm;Lp_x_x_deb.tmp;16;VPMOVSXDQ;xmm;xmm;;
VPMOVSXWD_xmm_xmm;Lp_x_x_deb.tmp;16;VPMOVSXWD;xmm;xmm;;
VPMOVSXWQ_xmm_xmm;Lp_x_x_deb.tmp;16;VPMOVSXWQ;xmm;xmm;;
VPMOVZXBD_xmm_xmm;Lp_x_x_deb.tmp;16;VPMOVZXBD;xmm;xmm;;
VPMOVZXBQ_xmm_xmm;Lp_x_x_deb.tmp;16;VPMOVZXBQ;xmm;xmm;;
VPMOVZXBW_xmm_xmm;Lp_x_x_deb.tmp;16;VPMOVZXBW;xmm;xmm;;
VPMOVZXDQ_xmm_xmm;Lp_x_x_deb.tmp;16;VPMOVZXDQ;xmm;xmm;;
VPMOVZXWD_xmm_xmm;Lp_x_x_deb.tmp;16;VPMOVZXWD;xmm;xmm;;
VPMOVZXWQ_xmm_xmm;Lp_x_x_deb.tmp;16;VPMOVZXWQ;xmm;xmm;;
VPTEST_xmm_xmm;Lp_x_x_deb.tmp;16;VPTEST;xmm;xmm;;
VRCPPS_xmm_xmm;Lp_x_x_deb.tmp;16;VRCPPS;xmm;xmm;;
VRSQRTPS_xmm_xmm;Lp_x_x_deb.tmp;16;VRSQRTPS;xmm;xmm;;
VSQRTPD_xmm_xmm;Lp_x_x_deb.tmp;16;VSQRTPD;xmm;xmm;;
VSQRTPS_xmm_xmm;Lp_x_x_deb.tmp;16;VSQRTPS;xmm;xmm;;
VTESTPD_xmm_xmm;Lp_x_x_deb.tmp;16;VTESTPD;xmm;xmm;;
VTESTPS_xmm_xmm;Lp_x_x_deb.tmp;16;VTESTPS;xmm;xmm;;
VUCOMISD_xmm_xmm;Lp_x_x_deb.tmp;16;VUCOMISD;xmm;xmm;;
VUCOMISS_xmm_xmm;Lp_x_x_deb.tmp;16;VUCOMISS;xmm;xmm;;
XORPD_xmm_xmm;Lp_x_x_deb.tmp;16;XORPD;xmm;xmm;;
XORPS_xmm_xmm;Lp_x_x_deb.tmp;16;XORPS;xmm;xmm;;
