daxpy_gen_dir/out_arr_73;daxpy_gen_dir/out_arr_73_Lp.csv
daxpy_gen_dir/out_arr_62;daxpy_gen_dir/out_arr_62_Lp.csv
daxpy_gen_dir/out_arr_88;daxpy_gen_dir/out_arr_88_Lp.csv
daxpy_gen_dir/out_arr_11;daxpy_gen_dir/out_arr_11_Lp.csv
daxpy_gen_dir/out_arr_42;daxpy_gen_dir/out_arr_42_Lp.csv
daxpy_gen_dir/out_arr_100;daxpy_gen_dir/out_arr_100_Lp.csv
daxpy_gen_dir/out_arr_119;daxpy_gen_dir/out_arr_119_Lp.csv
daxpy_gen_dir/out_arr_64;daxpy_gen_dir/out_arr_64_Lp.csv
daxpy_gen_dir/out_arr_34;daxpy_gen_dir/out_arr_34_Lp.csv
daxpy_gen_dir/out_arr_10;daxpy_gen_dir/out_arr_10_Lp.csv
daxpy_gen_dir/out_arr_66;daxpy_gen_dir/out_arr_66_Lp.csv
daxpy_gen_dir/out_arr_93;daxpy_gen_dir/out_arr_93_Lp.csv
daxpy_gen_dir/out_arr_49;daxpy_gen_dir/out_arr_49_Lp.csv
daxpy_gen_dir/out_arr_61;daxpy_gen_dir/out_arr_61_Lp.csv
daxpy_gen_dir/out_arr_103;daxpy_gen_dir/out_arr_103_Lp.csv
daxpy_gen_dir/out_arr_57;daxpy_gen_dir/out_arr_57_Lp.csv
daxpy_gen_dir/out_arr_47;daxpy_gen_dir/out_arr_47_Lp.csv
daxpy_gen_dir/out_arr_46;daxpy_gen_dir/out_arr_46_Lp.csv
daxpy_gen_dir/out_arr_89;daxpy_gen_dir/out_arr_89_Lp.csv
daxpy_gen_dir/out_arr_15;daxpy_gen_dir/out_arr_15_Lp.csv
daxpy_gen_dir/out_arr_9;daxpy_gen_dir/out_arr_9_Lp.csv
daxpy_gen_dir/out_arr_1;daxpy_gen_dir/out_arr_1_Lp.csv
daxpy_gen_dir/out_arr_56;daxpy_gen_dir/out_arr_56_Lp.csv
daxpy_gen_dir/out_arr_14;daxpy_gen_dir/out_arr_14_Lp.csv
daxpy_gen_dir/out_arr_115;daxpy_gen_dir/out_arr_115_Lp.csv
daxpy_gen_dir/out_arr_99;daxpy_gen_dir/out_arr_99_Lp.csv
daxpy_gen_dir/out_arr_112;daxpy_gen_dir/out_arr_112_Lp.csv
daxpy_gen_dir/out_arr_95;daxpy_gen_dir/out_arr_95_Lp.csv
daxpy_gen_dir/out_arr_102;daxpy_gen_dir/out_arr_102_Lp.csv
daxpy_gen_dir/out_arr_4;daxpy_gen_dir/out_arr_4_Lp.csv
daxpy_gen_dir/out_arr_25;daxpy_gen_dir/out_arr_25_Lp.csv
daxpy_gen_dir/out_arr_86;daxpy_gen_dir/out_arr_86_Lp.csv
daxpy_gen_dir/out_arr_75;daxpy_gen_dir/out_arr_75_Lp.csv
daxpy_gen_dir/out_arr_22;daxpy_gen_dir/out_arr_22_Lp.csv
daxpy_gen_dir/out_arr_2;daxpy_gen_dir/out_arr_2_Lp.csv
daxpy_gen_dir/out_arr_71;daxpy_gen_dir/out_arr_71_Lp.csv
daxpy_gen_dir/out_arr_65;daxpy_gen_dir/out_arr_65_Lp.csv
daxpy_gen_dir/out_arr_31;daxpy_gen_dir/out_arr_31_Lp.csv
daxpy_gen_dir/out_arr_111;daxpy_gen_dir/out_arr_111_Lp.csv
daxpy_gen_dir/out_arr_82;daxpy_gen_dir/out_arr_82_Lp.csv
daxpy_gen_dir/out_arr_85;daxpy_gen_dir/out_arr_85_Lp.csv
daxpy_gen_dir/out_arr_79;daxpy_gen_dir/out_arr_79_Lp.csv
daxpy_gen_dir/out_arr_24;daxpy_gen_dir/out_arr_24_Lp.csv
daxpy_gen_dir/out_arr_17;daxpy_gen_dir/out_arr_17_Lp.csv
daxpy_gen_dir/out_arr_68;daxpy_gen_dir/out_arr_68_Lp.csv
daxpy_gen_dir/out_arr_23;daxpy_gen_dir/out_arr_23_Lp.csv
daxpy_gen_dir/out_arr_78;daxpy_gen_dir/out_arr_78_Lp.csv
daxpy_gen_dir/out_arr_44;daxpy_gen_dir/out_arr_44_Lp.csv
daxpy_gen_dir/out_arr_20;daxpy_gen_dir/out_arr_20_Lp.csv
daxpy_gen_dir/out_arr_92;daxpy_gen_dir/out_arr_92_Lp.csv
daxpy_gen_dir/out_arr_67;daxpy_gen_dir/out_arr_67_Lp.csv
daxpy_gen_dir/out_arr_52;daxpy_gen_dir/out_arr_52_Lp.csv
daxpy_gen_dir/out_arr_104;daxpy_gen_dir/out_arr_104_Lp.csv
daxpy_gen_dir/out_arr_83;daxpy_gen_dir/out_arr_83_Lp.csv
daxpy_gen_dir/out_arr_30;daxpy_gen_dir/out_arr_30_Lp.csv
daxpy_gen_dir/out_arr_48;daxpy_gen_dir/out_arr_48_Lp.csv
daxpy_gen_dir/out_arr_53;daxpy_gen_dir/out_arr_53_Lp.csv
daxpy_gen_dir/out_arr_40;daxpy_gen_dir/out_arr_40_Lp.csv
daxpy_gen_dir/out_arr_7;daxpy_gen_dir/out_arr_7_Lp.csv
daxpy_gen_dir/out_arr_13;daxpy_gen_dir/out_arr_13_Lp.csv
daxpy_gen_dir/out_arr_105;daxpy_gen_dir/out_arr_105_Lp.csv
daxpy_gen_dir/out_arr_108;daxpy_gen_dir/out_arr_108_Lp.csv
daxpy_gen_dir/out_arr_5;daxpy_gen_dir/out_arr_5_Lp.csv
daxpy_gen_dir/out_arr_27;daxpy_gen_dir/out_arr_27_Lp.csv
daxpy_gen_dir/out_arr_43;daxpy_gen_dir/out_arr_43_Lp.csv
daxpy_gen_dir/out_arr_29;daxpy_gen_dir/out_arr_29_Lp.csv
daxpy_gen_dir/out_arr_81;daxpy_gen_dir/out_arr_81_Lp.csv
daxpy_gen_dir/out_arr_45;daxpy_gen_dir/out_arr_45_Lp.csv
daxpy_gen_dir/out_arr_94;daxpy_gen_dir/out_arr_94_Lp.csv
daxpy_gen_dir/out_arr_28;daxpy_gen_dir/out_arr_28_Lp.csv
daxpy_gen_dir/out_arr_8;daxpy_gen_dir/out_arr_8_Lp.csv
daxpy_gen_dir/out_arr_90;daxpy_gen_dir/out_arr_90_Lp.csv
daxpy_gen_dir/out_arr_39;daxpy_gen_dir/out_arr_39_Lp.csv
daxpy_gen_dir/out_arr_51;daxpy_gen_dir/out_arr_51_Lp.csv
daxpy_gen_dir/out_arr_106;daxpy_gen_dir/out_arr_106_Lp.csv
daxpy_gen_dir/out_arr_59;daxpy_gen_dir/out_arr_59_Lp.csv
daxpy_gen_dir/out_arr_77;daxpy_gen_dir/out_arr_77_Lp.csv
daxpy_gen_dir/out_arr_38;daxpy_gen_dir/out_arr_38_Lp.csv
daxpy_gen_dir/out_arr_0;daxpy_gen_dir/out_arr_0_Lp.csv
daxpy_gen_dir/out_arr_72;daxpy_gen_dir/out_arr_72_Lp.csv
daxpy_gen_dir/out_arr_58;daxpy_gen_dir/out_arr_58_Lp.csv
daxpy_gen_dir/out_arr_70;daxpy_gen_dir/out_arr_70_Lp.csv
daxpy_gen_dir/out_arr_97;daxpy_gen_dir/out_arr_97_Lp.csv
daxpy_gen_dir/out_arr_36;daxpy_gen_dir/out_arr_36_Lp.csv
daxpy_gen_dir/out_arr_16;daxpy_gen_dir/out_arr_16_Lp.csv
daxpy_gen_dir/out_arr_98;daxpy_gen_dir/out_arr_98_Lp.csv
daxpy_gen_dir/out_arr_69;daxpy_gen_dir/out_arr_69_Lp.csv
daxpy_gen_dir/out_arr_26;daxpy_gen_dir/out_arr_26_Lp.csv
daxpy_gen_dir/out_arr_32;daxpy_gen_dir/out_arr_32_Lp.csv
daxpy_gen_dir/out_arr_63;daxpy_gen_dir/out_arr_63_Lp.csv
daxpy_gen_dir/out_arr_110;daxpy_gen_dir/out_arr_110_Lp.csv
daxpy_gen_dir/out_arr_87;daxpy_gen_dir/out_arr_87_Lp.csv
daxpy_gen_dir/out_arr_76;daxpy_gen_dir/out_arr_76_Lp.csv
daxpy_gen_dir/out_arr_107;daxpy_gen_dir/out_arr_107_Lp.csv
daxpy_gen_dir/out_arr_54;daxpy_gen_dir/out_arr_54_Lp.csv
daxpy_gen_dir/out_arr_60;daxpy_gen_dir/out_arr_60_Lp.csv
daxpy_gen_dir/out_arr_109;daxpy_gen_dir/out_arr_109_Lp.csv
daxpy_gen_dir/out_arr_37;daxpy_gen_dir/out_arr_37_Lp.csv
daxpy_gen_dir/out_arr_101;daxpy_gen_dir/out_arr_101_Lp.csv
daxpy_gen_dir/out_arr_74;daxpy_gen_dir/out_arr_74_Lp.csv
daxpy_gen_dir/out_arr_55;daxpy_gen_dir/out_arr_55_Lp.csv
daxpy_gen_dir/out_arr_91;daxpy_gen_dir/out_arr_91_Lp.csv
daxpy_gen_dir/out_arr_35;daxpy_gen_dir/out_arr_35_Lp.csv
daxpy_gen_dir/out_arr_33;daxpy_gen_dir/out_arr_33_Lp.csv
daxpy_gen_dir/out_arr_80;daxpy_gen_dir/out_arr_80_Lp.csv
daxpy_gen_dir/out_arr_118;daxpy_gen_dir/out_arr_118_Lp.csv
daxpy_gen_dir/out_arr_116;daxpy_gen_dir/out_arr_116_Lp.csv
daxpy_gen_dir/out_arr_19;daxpy_gen_dir/out_arr_19_Lp.csv
daxpy_gen_dir/out_arr_3;daxpy_gen_dir/out_arr_3_Lp.csv
daxpy_gen_dir/out_arr_114;daxpy_gen_dir/out_arr_114_Lp.csv
daxpy_gen_dir/out_arr_6;daxpy_gen_dir/out_arr_6_Lp.csv
daxpy_gen_dir/out_arr_18;daxpy_gen_dir/out_arr_18_Lp.csv
daxpy_gen_dir/out_arr_12;daxpy_gen_dir/out_arr_12_Lp.csv
daxpy_gen_dir/out_arr_50;daxpy_gen_dir/out_arr_50_Lp.csv
daxpy_gen_dir/out_arr_84;daxpy_gen_dir/out_arr_84_Lp.csv
daxpy_gen_dir/out_arr_113;daxpy_gen_dir/out_arr_113_Lp.csv
daxpy_gen_dir/out_arr_41;daxpy_gen_dir/out_arr_41_Lp.csv
daxpy_gen_dir/out_arr_96;daxpy_gen_dir/out_arr_96_Lp.csv
daxpy_gen_dir/out_arr_117;daxpy_gen_dir/out_arr_117_Lp.csv
daxpy_gen_dir/out_arr_21;daxpy_gen_dir/out_arr_21_Lp.csv
